dropped,est
10,-0.493928260622896
50,-0.494157718286306
70,-0.493754019225623
80,-0.493892775298757
130,-0.494270975552827
220,-0.494056967094059
240,-0.493975414588601
300,-0.493587152976014
380,-0.49389341955508
420,-0.493720170045808
500,-0.494374759443376
550,-0.49434354647392
620,-0.493958546497268
2990,-0.492755556004866
3590,-0.492995956318659
4000,-0.493468600817566
4700,-0.493430309794295
7940,-0.492441950362243
8190,-0.492398527947825
8930,-0.492627857870554
10090,-0.493052897864189
10150,-0.49298818387194
10180,-0.492185979061928
12100,-0.493769938485552
12110,-0.493448632117676
12120,-0.493806960008971
12130,-0.492748009497877
12140,-0.49218034817957
12150,-0.494110154870664
12200,-0.492275238110303
12210,-0.493399316553568
12220,-0.493468600817566
15100,-0.49269906814134
17410,-0.49292848682649
17430,-0.494050621120536
20900,-0.493665713740458
20920,-0.49333900855047
21090,-0.49351736166323
21690,-0.494229276689632
22100,-0.493245668375156
22380,-0.493775207541069
24960,-0.492653419777869
33230,-0.491979712302794
34830,-0.494446424837062
35140,-0.492622434902451
40970,-0.494488125861202
40990,-0.493073582637258
41070,-0.493861973396735
42680,-0.492615572864955
42700,-0.492663469164575
47870,-0.493973738525841
48000,-0.494150448482684
48190,-0.492901756993335
48700,-0.493832639517136
48720,-0.494129758894273
50130,-0.49331589329694
50300,-0.492998260283817
55230,-0.492630104462093
72850,-0.493254413269861
105450,-0.493264035910131
105600,-0.494347043915124
107410,-0.494852788179305
108600,-0.494148442553569
108710,-0.494286571394296
108800,-0.492337843436998
110800,-0.493499191759722
113200,-0.493267773341385
115300,-0.492615572864955
115320,-0.492806801223747
200260,-0.492879948864306
201810,-0.494067364585593
201870,-0.492879826457303
202970,-0.492890636272758
203140,-0.493459950026953
203160,-0.492724325961945
204100,-0.49301642855639
204340,-0.494288839984942
204360,-0.493446887116666
204450,-0.4931635454804
205100,-0.493434265748371
206420,-0.493798598324672
206440,-0.493530147834503
207610,-0.493331223222926
208650,-0.493020397100176
209000,-0.492452944520733
209160,-0.492350968497196
214490,-0.493217542615428
218620,-0.494051074615393
218640,-0.493827623736878
219150,-0.494195667155223
219640,-0.493513431135054
219740,-0.494149537839482
219990,-0.492879981295859
220200,-0.493105228390114
220240,-0.493566265036973
221040,-0.494642045422217
221100,-0.493917701510899
221380,-0.49382286252897
221910,-0.493190876103325
222880,-0.49296762984463
223470,-0.494063316421597
225080,-0.493158973643842
225540,-0.493160302239008
227300,-0.493468600817566
231430,-0.493813475988984
232010,-0.494975727176043
232090,-0.493488610598052
232890,-0.493667237883248
233450,-0.493554186336746
234140,-0.49313771638932
235460,-0.492653936992775
236430,-0.494565814784772
236850,-0.493385244870795
236870,-0.494149819154838
238010,-0.492934888075343
238090,-0.493055063047219
238320,-0.493490099573715
239030,-0.493090054416094
239140,-0.493468600817566
239160,-0.493078431306217
239820,-0.493685456156108
240720,-0.493189282721677
241560,-0.493413764879041
241930,-0.492957994562984
242050,-0.493168087077753
242760,-0.493997725535345
243470,-0.494116724170158
244210,-0.493953427684561
244850,-0.493857258486716
246620,-0.493089073498835
246900,-0.492847567576479
249130,-0.492374394022711
250900,-0.493440418302042
251570,-0.49445305464066
252490,-0.494719671937701
252950,-0.493903051496465
254700,-0.493797846645469
255710,-0.493784154138006
261030,-0.493622518602738
261550,-0.493468600817566
261570,-0.493072637355284
262060,-0.493839386495315
265930,-0.492030992381447
266840,-0.4932836524448
268910,-0.493152190889809
269210,-0.492576525400443
270880,-0.494256664211267
271590,-0.493468600817566
274170,-0.49396003770849
274190,-0.493467506304134
274940,-0.49341956598494
275850,-0.493083833064824
280160,-0.4934084784092
282070,-0.493612008249583
284160,-0.493865586458658
285900,-0.493047998152075
286690,-0.492821301886966
287390,-0.492942600492491
287700,-0.493024191888189
288160,-0.492435500871676
289070,-0.492482433484429
289650,-0.493026625449835
289950,-0.492460551627059
292030,-0.493498113860885
294100,-0.493744140151281
295110,-0.494390582654379
298110,-0.493853180214475
302510,-0.493220438093742
304390,-0.493974607863576
304430,-0.494068238419919
305620,-0.493586705690646
307780,-0.49365343929803
310560,-0.494401411820429
311210,-0.493436612877593
311560,-0.493237515676217
312660,-0.49373030449683
312840,-0.493265435523116
313120,-0.493431131216695
313160,-0.492387344363895
319510,-0.49368303983952
320300,-0.492810437087637
322170,-0.493741819897785
322330,-0.493461730676086
322500,-0.493355831209996
325610,-0.493750397540588
332800,-0.493807389340323
334230,-0.492318183477946
335300,-0.493945386762767
337320,-0.493202936386488
341940,-0.493065060745309
344760,-0.493717307714971
346110,-0.495129271152903
349040,-0.49361803499549
350080,-0.493732851002003
350640,-0.493638474897504
356190,-0.493400978112132
360430,-0.493984029641595
361420,-0.493736012725145
362890,-0.494037353115294
365450,-0.492256686778333
367450,-0.493387061601111
367520,-0.49368637673134
368070,-0.494421399481692
368360,-0.493954478857312
368500,-0.493069121280021
371660,-0.494126026978232
374320,-0.493816597137061
376210,-0.49407397577326
377160,-0.494425982998765
379430,-0.493006057877247
379720,-0.494196002290498
381210,-0.494388160445744
383150,-0.493508011031431
383870,-0.493790097092385
384300,-0.49309276754781
386940,-0.492889121819319
387290,-0.492920381140659
387990,-0.493266858795898
391220,-0.493406976292697
391540,-0.493035065580681
393080,-0.492527267837958
393380,-0.494325220658673
393420,-0.493515637984478
394310,-0.494388952532025
394360,-0.493072753885922
394690,-0.492591904082213
395200,-0.49372555974596
406150,-0.49289159238243
409710,-0.493254572289669
412020,-0.493169560975602
413150,-0.493220549521028
414340,-0.492008968306644
414700,-0.493298543478367
418240,-0.492835103887484
418370,-0.494535545803079
420530,-0.493178486258944
421020,-0.493862875308694
424840,-0.493087318103387
427520,-0.494058759741489
427730,-0.493877796883025
431960,-0.494594524409705
433340,-0.493507263225249
434570,-0.492738151773439
435150,-0.493290202885006
437220,-0.494143966084532
438740,-0.493684222220105
440900,-0.493497767036406
447020,-0.492444582906923
447040,-0.493925072625075
457140,-0.493032290710017
460930,-0.492540443168528
460950,-0.49223251086255
466560,-0.493237118896987
474960,-0.492744863718225
475550,-0.494074032226914
476600,-0.492630546589474
477160,-0.493402603304754
482730,-0.493826391134815
485610,-0.49315128231562
489830,-0.49398972370753
493490,-0.493484799038131
498240,-0.492004502018325
503560,-0.492712617978384
504230,-0.492559063624653
506500,-0.493468784176478
508440,-0.494332727096472
513710,-0.493744213740805
515180,-0.493198192462843
518790,-0.493359150381104
526870,-0.492832123441912
533300,-0.493073726501138
534380,-0.493128522010943
548430,-0.493731169008424
552500,-0.494301448178713
552520,-0.493297504676142
557340,-0.493428959772513
569480,-0.493845605530624
570940,-0.494292414600384
577800,-0.493468600817566
581320,-0.494151880961453
582010,-0.493595039858507
582160,-0.493161037933797
582660,-0.493920272973159
584980,-0.492760827752756
588650,-0.492841717889103
594650,-0.493545553088433
599140,-0.493768673173928
601220,-0.492684005049405
602960,-0.493477881951639
603850,-0.493405560293628
605740,-0.495680078123709
612880,-0.494187202757428
613100,-0.49326056027265
617670,-0.492771167551673
621060,-0.493701100223121
629520,-0.493040481474951
629760,-0.493819705234299
632360,-0.493421421017304
632470,-0.492686021029567
633230,-0.492991295200137
635260,-0.492555015995226
636480,-0.494536242771912
638230,-0.49402598638292
638970,-0.493288898472454
641990,-0.493278749980018
644560,-0.494096071486903
645630,-0.494140803216966
646570,-0.492907315520157
646910,-0.493269138797568
657200,-0.493441553721687
665360,-0.493410751526287
673950,-0.492941699462227
674940,-0.493232495835934
682990,-0.493038102894831
683320,-0.492093455257946
690790,-0.49338965353911
699130,-0.492160098271432
701160,-0.493381193610336
703080,-0.493722900987206
704850,-0.493481102842072
728880,-0.493523093613744
739630,-0.493686840355565
747660,-0.493775046229772
750920,-0.493782543420001
751780,-0.492381719066915
752590,-0.494141280149728
770810,-0.492683803906054
774171,-0.493679372240682
774361,-0.494506949874286
774861,-0.492951677962684
782330,-0.494210334044599
787860,-0.493879961218669
788260,-0.493468600817566
799070,-0.492519823884975
812140,-0.493010849986806
813630,-0.494659209566881
813780,-0.493885801510451
814380,-0.492833317326351
815370,-0.492952069428712
841370,-0.494256571730497
848450,-0.494298273164756
859570,-0.493468821058732
860510,-0.493488071050751
863550,-0.493658537525698
872790,-0.494636665264964
878750,-0.49277311020277
880940,-0.493166844725282
883710,-0.49466196296934
892970,-0.49384409938189
895400,-0.493433719855199
901583,-0.493399316553568
914800,-0.492497365055562
924970,-0.49350315472282
933110,-0.493960916765558
945360,-0.493532094583361
952060,-0.49428010096469
955050,-0.494009998264106
960090,-0.493822694787164
960910,-0.493743604944782
960990,-0.493259450651094
967050,-0.493774301912929
976310,-0.493747019338241
976730,-0.49235759156225
977950,-0.495475884980086
993090,-0.496232266359752
996470,-0.493977939538251
997070,-0.493772335680164
1012880,-0.492524780800265
1017180,-0.493537653336626
1030830,-0.49387778961677
1030840,-0.493080313262702
1057090,-0.492288810029584
1063730,-0.493710111977854
1069740,-0.493433550045254
1080110,-0.492185239782347
1086940,-0.492499961136859
1089350,-0.494035222677162
1091500,-0.492989699808972
1092790,-0.493162296786989
1097150,-0.494100560155851
1100600,-0.49372598938959
1102130,-0.493227538403247
1118200,-0.494512834564377
1119730,-0.49431832928256
1129580,-0.494100057614253
1134570,-0.492718560217867
1136160,-0.49324438861561
1137460,-0.493642070873517
1139890,-0.492581565770061
1142710,-0.494922731172806
1144200,-0.493036473497752
1145360,-0.493318451668465
1149620,-0.493056225501875
1150690,-0.493256229139508
1151640,-0.493200970923583
1158310,-0.493826357555945
1158940,-0.493125878209696
1167630,-0.493638373434788
1172380,-0.492670375512324
1172620,-0.493510223049521
1174180,-0.49279449496735
1196590,-0.494339063490776
1206560,-0.4933991663011
1210320,-0.4923338723058
1222140,-0.492530202406556
1222680,-0.493168106432904
1222700,-0.493253158436298
1225330,-0.495082475229753
1229490,-0.494378581379907
1237950,-0.492483266158296
1238810,-0.493438078761084
1238820,-0.493526701627994
1238840,-0.493468600817566
1238860,-0.493409137052262
1239690,-0.492399954801119
1245620,-0.494466273736913
1248130,-0.494591207520106
1250410,-0.494460125276282
1255630,-0.493048522109772
1259420,-0.493323581883205
1259970,-0.493588087356412
1261040,-0.493013876798554
1262540,-0.492969285947167
1262560,-0.493538746241548
1262580,-0.494114971677025
1263850,-0.493987264017507
1274570,-0.494624463336631
1282690,-0.492266476007292
1284190,-0.495581273445461
1293830,-0.493468600817566
1302240,-0.493303500351125
1305420,-0.492698143022327
1313860,-0.493755603791874
1361000,-0.493075492369645
1366800,-0.494226761704244
1392060,-0.493442447154582
1392820,-0.493405255554062
1404210,-0.493636265778704
1426210,-0.493420362233947
1436990,-0.494260764226744
1449690,-0.493860789150943
1454400,-0.495020884063991
1466640,-0.492417779395415
1466860,-0.493977992369486
1506830,-0.493320526346325
1509960,-0.492009107075287
1517290,-0.494515973231979
1525700,-0.493108042766586
1549180,-0.494432919245879
1551360,-0.49445165664389
1563180,-0.493265661959592
1569040,-0.493485080918008
1577120,-0.49397402549698
1583320,-0.494962957592003
1593500,-0.492287514150196
1604000,-0.49300161700785
1604030,-0.492526431260864
1644960,-0.493954160392189
1659040,-0.494018719378848
1695840,-0.492324393058175
1715130,-0.491935892467852
1794680,-0.49287500983224
1824220,-0.49270185220716
1850570,-0.495073555621182
